sex,start,title,code,price,_price,img,url
童装男童女童,1,便携式防紫外线连帽外套防晒衣可收纳 ,464981,149.00,199,https://www.uniqlo.cn/hmall/test/u0000000051067/main/first/561/1.jpg,https://www.uniqlo.cn/product-detail.html?productCode=u0000000051067
童装男女童,1,UT ULTRAMAN奥特英雄印花T恤短袖 ,465179,59.00,199,https://www.uniqlo.cn/hmall/test/u0000000051720/main/first/561/1.jpg,https://www.uniqlo.cn/product-detail.html?productCode=u0000000051720
童装男童女童,0,UT LEGO印花T恤短袖 ,465180,59.00,199,https://www.uniqlo.cn/hmall/test/u0000000052685/main/first/561/1.jpg,https://www.uniqlo.cn/product-detail.html?productCode=u0000000052685
童装男童女童,0,便携式防紫外线连帽外套/防晒服 ,471236,149.00,199,https://www.uniqlo.cn/hmall/test/u0000000054772/chip/22/COL01.jpg,https://www.uniqlo.cn/product-detail.html?productCode=u0000000054772
童装男女童,0,UT ULTRAMAN奥特英雄印花T恤短袖 ,471428,59.00,199,https://www.uniqlo.cn/hmall/test/u0000000051723/chip/22/COL00.jpg,https://www.uniqlo.cn/product-detail.html?productCode=u0000000051723
童装男女童,0,UT ULTRAMAN奥特英雄印花T恤短袖 ,471429,59.00,199,https://www.uniqlo.cn/hmall/test/u0000000051724/chip/22/COL09.jpg,https://www.uniqlo.cn/product-detail.html?productCode=u0000000051724
童装男童女童,0,UT LEGO印花T恤短袖 ,471430,59.00,199,https://www.uniqlo.cn/hmall/test/u0000000052715/chip/22/COL64.jpg,https://www.uniqlo.cn/product-detail.html?productCode=u0000000052715
童装男童女童,0,UT LEGO印花T恤短袖 ,471431,59.00,199,https://www.uniqlo.cn/hmall/test/u0000000052690/chip/22/COL00.jpg,https://www.uniqlo.cn/product-detail.html?productCode=u0000000052690
童装男童女童,0,UT LEGO印花T恤短袖 ,471432,59.00,199,https://www.uniqlo.cn/hmall/test/u0000000052732/chip/22/COL01.jpg,https://www.uniqlo.cn/product-detail.html?productCode=u0000000052732
童装男童女童,0,UT LEGO®乐高印花T恤短袖 ,471910,59.00,199,https://www.uniqlo.cn/hmall/test/u0000000054087/chip/22/COL69.jpg,https://www.uniqlo.cn/product-detail.html?productCode=u0000000054087
童装男童女童,0,UT LEGO®乐高印花T恤短袖 ,471911,59.00,199,https://www.uniqlo.cn/hmall/test/u0000000054090/chip/22/COL09.jpg,https://www.uniqlo.cn/product-detail.html?productCode=u0000000054090
童装男童女童,0,UT LEGO®乐高印花T恤短袖 ,471912,59.00,199,https://www.uniqlo.cn/hmall/test/u0000000054107/chip/22/COL00.jpg,https://www.uniqlo.cn/product-detail.html?productCode=u0000000054107
童装男童女童,1,UT ULTRAMAN印花T恤/短袖T恤24新款 ,473910,59.00,199,https://www.uniqlo.cn/hmall/test/u0000000054597/main/first/561/1.jpg,https://www.uniqlo.cn/product-detail.html?productCode=u0000000054597
童装女童,0,快干运动迷你裙裤学院风短裙短裤网球 ,474906,99.00,199,https://www.uniqlo.cn/hmall/test/u0000000054077/main/first/561/1.jpg,https://www.uniqlo.cn/product-detail.html?productCode=u0000000054077
